-- Kaffeelisten — development seed data
-- Represents a realistic ITC1 Deggendorf campus setup.
-- Run after migration 001.

-- ─────────────────────────────────────────────
-- Companies
-- ─────────────────────────────────────────────
insert into companies (id, name) values
  ('11111111-0000-0000-0000-000000000001', 'Movemaster GmbH'),
  ('11111111-0000-0000-0000-000000000002', 'DEGDEV UG'),
  ('11111111-0000-0000-0000-000000000003', 'INN.KUBATOR'),
  ('11111111-0000-0000-0000-000000000004', 'Level51 e.V.'),
  ('11111111-0000-0000-0000-000000000005', 'THD Startup Campus');

-- ─────────────────────────────────────────────
-- Members
-- ─────────────────────────────────────────────
insert into members (id, company_id, name) values
  -- Movemaster
  ('22222222-0000-0000-0000-000000000001', '11111111-0000-0000-0000-000000000001', 'Alexander R.'),
  ('22222222-0000-0000-0000-000000000002', '11111111-0000-0000-0000-000000000001', 'Fares B.'),
  ('22222222-0000-0000-0000-000000000003', '11111111-0000-0000-0000-000000000001', 'Maria K.'),
  -- DEGDEV
  ('22222222-0000-0000-0000-000000000004', '11111111-0000-0000-0000-000000000002', 'Jonas W.'),
  ('22222222-0000-0000-0000-000000000005', '11111111-0000-0000-0000-000000000002', 'Sophie L.'),
  -- INN.KUBATOR
  ('22222222-0000-0000-0000-000000000006', '11111111-0000-0000-0000-000000000003', 'Tobias M.'),
  ('22222222-0000-0000-0000-000000000007', '11111111-0000-0000-0000-000000000003', 'Anna P.'),
  -- Level51
  ('22222222-0000-0000-0000-000000000008', '11111111-0000-0000-0000-000000000004', 'Lukas F.'),
  -- THD Startup Campus
  ('22222222-0000-0000-0000-000000000009', '11111111-0000-0000-0000-000000000005', 'Emma S.'),
  ('22222222-0000-0000-0000-000000000010', '11111111-0000-0000-0000-000000000005', 'Noah D.');

-- ─────────────────────────────────────────────
-- Items
-- ─────────────────────────────────────────────
insert into items (id, name, unit_label, price_cents, category) values
  ('33333333-0000-0000-0000-000000000001', 'Espresso',        'Tasse',   30,  'coffee'),
  ('33333333-0000-0000-0000-000000000002', 'Cappuccino',      'Tasse',   50,  'coffee'),
  ('33333333-0000-0000-0000-000000000003', 'Latte Macchiato', 'Tasse',   50,  'coffee'),
  ('33333333-0000-0000-0000-000000000004', 'Filterkaffee',    'Tasse',   20,  'coffee'),
  ('33333333-0000-0000-0000-000000000005', 'Wasser',          'Flasche', 0,   'drink'),
  ('33333333-0000-0000-0000-000000000006', 'Sprudelwasser',   'Flasche', 70,  'drink'),
  ('33333333-0000-0000-0000-000000000007', 'Bier',            'Flasche', 100, 'drink'),
  ('33333333-0000-0000-0000-000000000008', 'Limo',            'Flasche', 80,  'drink'),
  ('33333333-0000-0000-0000-000000000009', 'Müsliriegel',     'Stück',   50,  'snack'),
  ('33333333-0000-0000-0000-000000000010', 'Obst',            'Stück',   0,   'snack');

-- ─────────────────────────────────────────────
-- Sample transactions (simulate a partial month)
-- ─────────────────────────────────────────────
insert into transactions (member_id, company_id, item_id, quantity, logged_at) values
  ('22222222-0000-0000-0000-000000000001', '11111111-0000-0000-0000-000000000001', '33333333-0000-0000-0000-000000000001', 1, now() - interval '5 days'),
  ('22222222-0000-0000-0000-000000000001', '11111111-0000-0000-0000-000000000001', '33333333-0000-0000-0000-000000000002', 1, now() - interval '4 days'),
  ('22222222-0000-0000-0000-000000000002', '11111111-0000-0000-0000-000000000001', '33333333-0000-0000-0000-000000000004', 1, now() - interval '4 days'),
  ('22222222-0000-0000-0000-000000000004', '11111111-0000-0000-0000-000000000002', '33333333-0000-0000-0000-000000000001', 1, now() - interval '3 days'),
  ('22222222-0000-0000-0000-000000000004', '11111111-0000-0000-0000-000000000002', '33333333-0000-0000-0000-000000000007', 1, now() - interval '3 days'),
  ('22222222-0000-0000-0000-000000000006', '11111111-0000-0000-0000-000000000003', '33333333-0000-0000-0000-000000000003', 1, now() - interval '2 days'),
  ('22222222-0000-0000-0000-000000000008', '11111111-0000-0000-0000-000000000004', '33333333-0000-0000-0000-000000000001', 1, now() - interval '2 days'),
  ('22222222-0000-0000-0000-000000000009', '11111111-0000-0000-0000-000000000005', '33333333-0000-0000-0000-000000000002', 1, now() - interval '1 day'),
  ('22222222-0000-0000-0000-000000000010', '11111111-0000-0000-0000-000000000005', '33333333-0000-0000-0000-000000000009', 1, now() - interval '1 day'),
  ('22222222-0000-0000-0000-000000000003', '11111111-0000-0000-0000-000000000001', '33333333-0000-0000-0000-000000000006', 1, now() - interval '6 hours');
